{"cameraMode":{"drawMode":0,"name":"Shaded","section":"Shading Mode"},"sceneLighting":true,"audioPlay":false,"sceneViewState":{"showFog":true,"showMaterialUpdate":false,"showSkybox":true,"showFlares":true,"showImageEffects":true,"showParticleSystems":true},"in2DMode":false,"pivot":{"x":32.77447509765625,"y":4.346170425415039,"z":-5.831850528717041},"rotation":{"x":-0.02443309687077999,"y":0.920398473739624,"z":-0.05836068466305733,"w":-0.3858548104763031},"size":0.5913649797439575,"orthographic":false}