{"cameraMode":{"drawMode":0,"name":"Shaded","section":"Shading Mode"},"sceneLighting":false,"audioPlay":false,"sceneViewState":{"showFog":true,"showMaterialUpdate":false,"showSkybox":false,"showFlares":true,"showImageEffects":true,"showParticleSystems":true},"in2DMode":false,"pivot":{"x":0.023111701011657716,"y":0.001596599817276001,"z":0.6276414394378662},"rotation":{"x":-0.14223770797252656,"y":-0.7739248871803284,"z":0.18717989325523377,"w":-0.5880376696586609},"size":0.4022911787033081,"orthographic":false}