{"cameraMode":{"drawMode":0,"name":"Shaded","section":"Shading Mode"},"sceneLighting":false,"audioPlay":false,"sceneViewState":{"showFog":true,"showMaterialUpdate":false,"showSkybox":false,"showFlares":true,"showImageEffects":true,"showParticleSystems":true},"in2DMode":false,"pivot":{"x":31.03241539001465,"y":1.97808837890625,"z":-8.730887413024903},"rotation":{"x":-0.018024582415819169,"y":-0.9800176024436951,"z":0.10507359355688095,"w":-0.1679774969816208},"size":0.551080584526062,"orthographic":false}